--
-- PostgreSQL database dump
--

-- Dumped from database version 15.6 (Debian 15.6-1.pgdg120+1)
-- Dumped by pg_dump version 16.0

-- Started on 2024-02-27 10:13:19

SET statement_timeout = 0;
SET lock_timeout = 0;
SET idle_in_transaction_session_timeout = 0;
SET client_encoding = 'UTF8';
SET standard_conforming_strings = on;
SELECT pg_catalog.set_config('search_path', '', false);
SET check_function_bodies = false;
SET xmloption = content;
SET client_min_messages = warning;
SET row_security = off;

--
-- TOC entry 3928 (class 0 OID 18686)
-- Dependencies: 371
-- Data for Name: bestuursleden; Type: TABLE DATA; Schema: tennis; Owner: -
--

INSERT INTO tennis.bestuursleden (spelersnr, begin_datum, eind_datum, functie) VALUES (6, '1990-01-01', '1990-12-31', 'Secretaris          ');
INSERT INTO tennis.bestuursleden (spelersnr, begin_datum, eind_datum, functie) VALUES (6, '1991-01-01', '1992-12-31', 'Lid                 ');
INSERT INTO tennis.bestuursleden (spelersnr, begin_datum, eind_datum, functie) VALUES (6, '1992-01-01', '1993-12-31', 'Penningmeester      ');
INSERT INTO tennis.bestuursleden (spelersnr, begin_datum, eind_datum, functie) VALUES (6, '1993-01-01', NULL, 'Voorzitter          ');
INSERT INTO tennis.bestuursleden (spelersnr, begin_datum, eind_datum, functie) VALUES (2, '1990-01-01', '1992-12-31', 'Voorzitter          ');
INSERT INTO tennis.bestuursleden (spelersnr, begin_datum, eind_datum, functie) VALUES (2, '1994-01-01', NULL, 'Lid                 ');
INSERT INTO tennis.bestuursleden (spelersnr, begin_datum, eind_datum, functie) VALUES (112, '1992-01-01', '1992-12-31', 'Lid                 ');
INSERT INTO tennis.bestuursleden (spelersnr, begin_datum, eind_datum, functie) VALUES (112, '1994-01-01', NULL, 'Secretaris          ');
INSERT INTO tennis.bestuursleden (spelersnr, begin_datum, eind_datum, functie) VALUES (8, '1990-01-01', '1990-12-31', 'Penningmeester      ');
INSERT INTO tennis.bestuursleden (spelersnr, begin_datum, eind_datum, functie) VALUES (8, '1991-01-01', '1991-12-31', 'Secretaris          ');
INSERT INTO tennis.bestuursleden (spelersnr, begin_datum, eind_datum, functie) VALUES (8, '1993-01-01', '1993-12-31', 'Lid                 ');
INSERT INTO tennis.bestuursleden (spelersnr, begin_datum, eind_datum, functie) VALUES (8, '1994-01-01', NULL, 'Lid                 ');
INSERT INTO tennis.bestuursleden (spelersnr, begin_datum, eind_datum, functie) VALUES (57, '1992-01-01', '1992-12-31', 'Secretaris          ');
INSERT INTO tennis.bestuursleden (spelersnr, begin_datum, eind_datum, functie) VALUES (27, '1990-01-01', '1990-12-31', 'Lid                 ');
INSERT INTO tennis.bestuursleden (spelersnr, begin_datum, eind_datum, functie) VALUES (27, '1991-01-01', '1991-12-31', 'Penningmeester      ');
INSERT INTO tennis.bestuursleden (spelersnr, begin_datum, eind_datum, functie) VALUES (27, '1993-01-01', '1993-12-31', 'Penningmeester      ');
INSERT INTO tennis.bestuursleden (spelersnr, begin_datum, eind_datum, functie) VALUES (95, '1994-01-01', NULL, 'Penningmeester      ');


--
-- TOC entry 3929 (class 0 OID 18691)
-- Dependencies: 372
-- Data for Name: boetes; Type: TABLE DATA; Schema: tennis; Owner: -
--

INSERT INTO tennis.boetes (betalingsnr, spelersnr, datum, bedrag) VALUES (1, 6, '1980-12-08', 100.00);
INSERT INTO tennis.boetes (betalingsnr, spelersnr, datum, bedrag) VALUES (2, 44, '1981-05-05', 75.00);
INSERT INTO tennis.boetes (betalingsnr, spelersnr, datum, bedrag) VALUES (3, 27, '1983-09-10', 100.00);
INSERT INTO tennis.boetes (betalingsnr, spelersnr, datum, bedrag) VALUES (4, 104, '1984-12-08', 50.00);
INSERT INTO tennis.boetes (betalingsnr, spelersnr, datum, bedrag) VALUES (5, 44, '1980-12-08', 25.00);
INSERT INTO tennis.boetes (betalingsnr, spelersnr, datum, bedrag) VALUES (6, 8, '1980-12-08', 25.00);
INSERT INTO tennis.boetes (betalingsnr, spelersnr, datum, bedrag) VALUES (7, 44, '1982-12-30', 30.00);
INSERT INTO tennis.boetes (betalingsnr, spelersnr, datum, bedrag) VALUES (8, 27, '1984-11-12', 75.00);


--
-- TOC entry 3930 (class 0 OID 18696)
-- Dependencies: 373
-- Data for Name: spelers; Type: TABLE DATA; Schema: tennis; Owner: -
--

INSERT INTO tennis.spelers (spelersnr, naam, voorletters, geb_datum, geslacht, jaartoe, straat, huisnr, postcode, plaats, telefoon, bondsnr) VALUES (2, 'Elfring        ', 'R  ', '1948-09-01', 'M', 1975, 'Steden', '43  ', '3575NH', 'Den Haag', '070-237893   ', '2411');
INSERT INTO tennis.spelers (spelersnr, naam, voorletters, geb_datum, geslacht, jaartoe, straat, huisnr, postcode, plaats, telefoon, bondsnr) VALUES (6, 'Permentier     ', 'R  ', '1964-06-25', 'M', 1977, 'Hazensteinln', '80  ', '1234KK', 'Den Haag', '070-476537   ', '8467');
INSERT INTO tennis.spelers (spelersnr, naam, voorletters, geb_datum, geslacht, jaartoe, straat, huisnr, postcode, plaats, telefoon, bondsnr) VALUES (7, 'Wijers         ', 'GWS', '1963-05-11', 'M', 1981, 'Erasmusweg', '39  ', '9758VB', 'Den Haag', '070-347689   ', NULL);
INSERT INTO tennis.spelers (spelersnr, naam, voorletters, geb_datum, geslacht, jaartoe, straat, huisnr, postcode, plaats, telefoon, bondsnr) VALUES (8, 'Niewenburg     ', 'B  ', '1962-07-08', 'V', 1980, 'Spoorlaan', '4   ', '6584WO', 'Rijswijk', '070-458458   ', '2983');
INSERT INTO tennis.spelers (spelersnr, naam, voorletters, geb_datum, geslacht, jaartoe, straat, huisnr, postcode, plaats, telefoon, bondsnr) VALUES (27, 'Cools          ', 'DD ', '1964-12-28', 'V', 1983, 'Liespad', '804 ', '8457DK', 'Zoetermeer', '079-234857   ', '2513');
INSERT INTO tennis.spelers (spelersnr, naam, voorletters, geb_datum, geslacht, jaartoe, straat, huisnr, postcode, plaats, telefoon, bondsnr) VALUES (28, 'Cools          ', 'C  ', '1963-06-22', 'V', 1983, 'Oudegracht', '10  ', '1294QK', 'Leiden', '010-659599   ', NULL);
INSERT INTO tennis.spelers (spelersnr, naam, voorletters, geb_datum, geslacht, jaartoe, straat, huisnr, postcode, plaats, telefoon, bondsnr) VALUES (39, 'Bischoff       ', 'D  ', '1956-10-29', 'M', 1980, 'Ericaplein', '78  ', '9629CD', 'Den Haag', '070-393435   ', NULL);
INSERT INTO tennis.spelers (spelersnr, naam, voorletters, geb_datum, geslacht, jaartoe, straat, huisnr, postcode, plaats, telefoon, bondsnr) VALUES (44, 'Bakker, de     ', 'E  ', '1963-01-09', 'M', 1980, 'Lawaaistraat', '23  ', '4444LJ', 'Rijswijk', '070-368753   ', '1124');
INSERT INTO tennis.spelers (spelersnr, naam, voorletters, geb_datum, geslacht, jaartoe, straat, huisnr, postcode, plaats, telefoon, bondsnr) VALUES (57, 'Bohemen, van   ', 'M  ', '1971-08-17', 'M', 1985, 'Erasmusweg', '16  ', '4377CB', 'Den Haag', '070-473458   ', '6409');
INSERT INTO tennis.spelers (spelersnr, naam, voorletters, geb_datum, geslacht, jaartoe, straat, huisnr, postcode, plaats, telefoon, bondsnr) VALUES (83, 'Hofland        ', 'PK ', '1956-11-11', 'M', 1982, 'Mariakade', '16a ', '1812UP', 'Den Haag', '070-353548   ', '1608');
INSERT INTO tennis.spelers (spelersnr, naam, voorletters, geb_datum, geslacht, jaartoe, straat, huisnr, postcode, plaats, telefoon, bondsnr) VALUES (95, 'Meuleman       ', 'P  ', '1963-05-14', 'M', 1972, 'Hoofdweg', '33a ', '5746OP', 'Voorburg', '070-867564   ', NULL);
INSERT INTO tennis.spelers (spelersnr, naam, voorletters, geb_datum, geslacht, jaartoe, straat, huisnr, postcode, plaats, telefoon, bondsnr) VALUES (100, 'Permentier     ', 'P  ', '1963-02-28', 'M', 1979, 'Hazensteinln', '80  ', '6494SG', 'Den Haag', '070-494593   ', '6524');
INSERT INTO tennis.spelers (spelersnr, naam, voorletters, geb_datum, geslacht, jaartoe, straat, huisnr, postcode, plaats, telefoon, bondsnr) VALUES (104, 'Moerman        ', 'D  ', '1970-05-10', 'V', 1984, 'Stoutlaan', '65  ', '9437AO', 'Zoetermeer', '079-987571   ', '7060');
INSERT INTO tennis.spelers (spelersnr, naam, voorletters, geb_datum, geslacht, jaartoe, straat, huisnr, postcode, plaats, telefoon, bondsnr) VALUES (112, 'Baalen, van    ', 'IP ', '1963-10-01', 'V', 1984, 'Vosseweg', '8   ', '6392LK', 'Rotterdam', '010-548745   ', '1319');


--
-- TOC entry 3931 (class 0 OID 18722)
-- Dependencies: 378
-- Data for Name: teams; Type: TABLE DATA; Schema: tennis; Owner: -
--

INSERT INTO tennis.teams (teamnr, spelersnr, divisie) VALUES (1, 6, 'ere   ');
INSERT INTO tennis.teams (teamnr, spelersnr, divisie) VALUES (2, 27, 'tweede');


--
-- TOC entry 3932 (class 0 OID 18726)
-- Dependencies: 379
-- Data for Name: wedstrijden; Type: TABLE DATA; Schema: tennis; Owner: -
--

INSERT INTO tennis.wedstrijden (wedstrijdnr, teamnr, spelersnr, gewonnen, verloren) VALUES (1, 1, 6, 3, 1);
INSERT INTO tennis.wedstrijden (wedstrijdnr, teamnr, spelersnr, gewonnen, verloren) VALUES (2, 1, 6, 2, 3);
INSERT INTO tennis.wedstrijden (wedstrijdnr, teamnr, spelersnr, gewonnen, verloren) VALUES (3, 1, 6, 3, 0);
INSERT INTO tennis.wedstrijden (wedstrijdnr, teamnr, spelersnr, gewonnen, verloren) VALUES (4, 1, 44, 3, 2);
INSERT INTO tennis.wedstrijden (wedstrijdnr, teamnr, spelersnr, gewonnen, verloren) VALUES (5, 1, 83, 0, 3);
INSERT INTO tennis.wedstrijden (wedstrijdnr, teamnr, spelersnr, gewonnen, verloren) VALUES (6, 1, 2, 1, 3);
INSERT INTO tennis.wedstrijden (wedstrijdnr, teamnr, spelersnr, gewonnen, verloren) VALUES (7, 1, 57, 3, 0);
INSERT INTO tennis.wedstrijden (wedstrijdnr, teamnr, spelersnr, gewonnen, verloren) VALUES (8, 1, 8, 0, 3);
INSERT INTO tennis.wedstrijden (wedstrijdnr, teamnr, spelersnr, gewonnen, verloren) VALUES (9, 2, 27, 3, 2);
INSERT INTO tennis.wedstrijden (wedstrijdnr, teamnr, spelersnr, gewonnen, verloren) VALUES (10, 2, 104, 3, 2);
INSERT INTO tennis.wedstrijden (wedstrijdnr, teamnr, spelersnr, gewonnen, verloren) VALUES (11, 2, 112, 2, 3);
INSERT INTO tennis.wedstrijden (wedstrijdnr, teamnr, spelersnr, gewonnen, verloren) VALUES (12, 2, 112, 1, 3);
INSERT INTO tennis.wedstrijden (wedstrijdnr, teamnr, spelersnr, gewonnen, verloren) VALUES (13, 2, 8, 0, 3);


-- Completed on 2024-02-27 10:13:21

--
-- PostgreSQL database dump complete
--

